"","R squared biotic model","R squared abiotic model"
"ARCA",0.27935027679013,0.0957092917567821
"HYGL",0.457461624138584,0.101433608470845
"LARO",0.318967063411582,0.0228281935281378
"PEAI",0.131139062303526,0.437588923674802
"POLE",0.58313462676335,0.0152496152794379
"PLDE",0.0647765172212831,0.565327237787699
"TRCY",0.273252847049704,0.120117320043266
"TROR",0.337440182106087,0.141962912304895
"VERO",0.371285685605841,0.204753046125409
