"","R squared biotic model","R squared abiotic model"
"ARCA",0.0962599975568093,0.248973726998623
"HYGL",0.0242555182345253,0.0770880626123196
"LARO",0.139693436225719,0.29786264330231
"PEAI",0.029500349777451,0.303063992393773
"POLE",1,0.27431252614642
"PLDE",1,0.160731403660586
"TRCY",1,0.0780837541555586
"TROR",1,0.0681144227870737
"VERO",1,0.0264617032562649
