"","R squared biotic model","R squared abiotic model"
"ARCA",0.0784845728561872,0.170681494956489
"HYGL",0.0680231104778088,0.178037139050313
"LARO",0.0615095458648639,0.199442446537066
"PEAI",0.0374161987707921,0.380776480116485
"POLE",0.129681841935603,0.310071625391015
"PLDE",0.0206227680905482,0.312107783395463
"TRCY",0.0762444455037902,0.143993043929152
"TROR",0.0494658404170442,0.148148885376237
"VERO",0.0403693643034222,0.0940534636568487
