"","R squared biotic model","R squared abiotic model"
"ARCA",0.169967125195627,0.137084474891814
"HYGL",0.0773680208351272,0.118963461076978
"LARO",0.0563283016784958,0.00160148436410951
"PEAI",0.0110638870194811,0.0426735793250787
"POLE",0.0243292692920499,0.158646333875644
"PLDE",0.366485275764348,0.135659322026753
"TRCY",0.150040701050451,0.014840507749825
"TROR",0.0944869460507043,0.045874346878285
"VERO",0.149043753495874,0.0184848925884838
